{"file_name":"body","texture_size":[32,32],"textures":{"c41b988d-b9d4-2fe9-75b5-7510d496e24b":"modelengine:entity/penguin"},"elements":[{"name":"cube","from":[5.4325,8.1025,5.6025],"to":[10.3675,12.437501,9.3225],"rotation":{"angle":0.0,"axis":"x","origin":[8.057501,7.8175,7.4325]},"faces":{"down":{"uv":[8.0,3.0,4.0,6.0],"rotation":0,"texture":"#c41b988d-b9d4-2fe9-75b5-7510d496e24b","tintindex":0},"east":{"uv":[4.0,6.0,7.0,9.5],"rotation":0,"texture":"#c41b988d-b9d4-2fe9-75b5-7510d496e24b","tintindex":0},"north":{"uv":[0.0,0.0,4.0,3.5],"rotation":0,"texture":"#c41b988d-b9d4-2fe9-75b5-7510d496e24b","tintindex":0},"south":{"uv":[0.0,3.5,4.0,7.0],"rotation":0,"texture":"#c41b988d-b9d4-2fe9-75b5-7510d496e24b","tintindex":0},"up":{"uv":[8.0,3.0,4.0,0.0],"rotation":0,"texture":"#c41b988d-b9d4-2fe9-75b5-7510d496e24b","tintindex":0},"west":{"uv":[0.0,7.0,3.0,10.5],"rotation":0,"texture":"#c41b988d-b9d4-2fe9-75b5-7510d496e24b","tintindex":0}}},{"name":"cube","from":[7.5325,8.1175,9.127501],"to":[8.4325,9.7075,9.682501],"rotation":{"angle":0.0,"axis":"x","origin":[8.057501,7.8175,7.4325]},"faces":{"down":{"uv":[0.75,13.0,0.0,13.5],"rotation":0,"texture":"#c41b988d-b9d4-2fe9-75b5-7510d496e24b","tintindex":0},"east":{"uv":[10.0,12.5,10.5,13.75],"rotation":0,"texture":"#c41b988d-b9d4-2fe9-75b5-7510d496e24b","tintindex":0},"north":{"uv":[12.5,1.5,13.25,2.75],"rotation":0,"texture":"#c41b988d-b9d4-2fe9-75b5-7510d496e24b","tintindex":0},"south":{"uv":[12.5,3.0,13.25,4.25],"rotation":0,"texture":"#c41b988d-b9d4-2fe9-75b5-7510d496e24b","tintindex":0},"up":{"uv":[13.25,12.5,12.5,12.0],"rotation":0,"texture":"#c41b988d-b9d4-2fe9-75b5-7510d496e24b","tintindex":0},"west":{"uv":[12.5,10.0,13.0,11.25],"rotation":0,"texture":"#c41b988d-b9d4-2fe9-75b5-7510d496e24b","tintindex":0}}}],"display":{"head":{"translation":[0.0,-6.4,0.0],"rotation":[0.0,0.0,0.0],"scale":[3.8095,3.8095,3.8095]},"gui":{"translation":[0.0,0.0,0.0],"rotation":[35.0,225.0,0.0],"scale":[0.625,0.625,0.625]}}}