{"file_name":"rightarm","texture_size":[32,32],"textures":{"c41b988d-b9d4-2fe9-75b5-7510d496e24b":"modelengine:entity/penguin"},"elements":[{"name":"cube","from":[7.61,5.3975,7.0775003],"to":[7.9100003,8.202499,8.922501],"rotation":{"angle":0.0,"axis":"x","origin":[10.445,3.5824997,8.0075]},"faces":{"down":{"uv":[13.25,0.0,12.5,1.5],"rotation":0,"texture":"#c41b988d-b9d4-2fe9-75b5-7510d496e24b","tintindex":0},"east":{"uv":[11.0,0.0,12.5,2.25],"rotation":0,"texture":"#c41b988d-b9d4-2fe9-75b5-7510d496e24b","tintindex":0},"north":{"uv":[7.0,11.0,7.75,13.25],"rotation":0,"texture":"#c41b988d-b9d4-2fe9-75b5-7510d496e24b","tintindex":0},"south":{"uv":[8.0,11.0,8.75,13.25],"rotation":0,"texture":"#c41b988d-b9d4-2fe9-75b5-7510d496e24b","tintindex":0},"up":{"uv":[6.75,13.5,6.0,12.0],"rotation":0,"texture":"#c41b988d-b9d4-2fe9-75b5-7510d496e24b","tintindex":0},"west":{"uv":[11.0,2.5,12.5,4.75],"rotation":0,"texture":"#c41b988d-b9d4-2fe9-75b5-7510d496e24b","tintindex":0}}}],"display":{"head":{"translation":[0.0,-6.4,0.0],"rotation":[0.0,0.0,0.0],"scale":[3.8095,3.8095,3.8095]},"gui":{"translation":[0.0,0.0,0.0],"rotation":[35.0,225.0,0.0],"scale":[0.625,0.625,0.625]}}}