{"file_name":"leftleg","texture_size":[64,64],"textures":{"26337bdf-18da-db32-24a3-32bfc3ab3e06":"modelengine:entity/boar"},"elements":[{"name":"cube","from":[8.0762005,7.4216595,6.192788],"to":[9.83876,10.946779,9.783188],"rotation":{"angle":22.5,"axis":"x","origin":[2.05412,8.93942,2.5371077]},"faces":{"down":{"uv":[5.375,7.0,5.0,7.75],"rotation":0,"texture":"#26337bdf-18da-db32-24a3-32bfc3ab3e06","tintindex":0},"east":{"uv":[2.0,6.25,2.75,6.875],"rotation":0,"texture":"#26337bdf-18da-db32-24a3-32bfc3ab3e06","tintindex":0},"north":{"uv":[1.0,7.25,1.375,7.875],"rotation":0,"texture":"#26337bdf-18da-db32-24a3-32bfc3ab3e06","tintindex":0},"south":{"uv":[7.25,2.75,7.625,3.375],"rotation":0,"texture":"#26337bdf-18da-db32-24a3-32bfc3ab3e06","tintindex":0},"up":{"uv":[4.875,7.75,4.5,7.0],"rotation":0,"texture":"#26337bdf-18da-db32-24a3-32bfc3ab3e06","tintindex":0},"west":{"uv":[2.75,6.25,3.5,6.875],"rotation":0,"texture":"#26337bdf-18da-db32-24a3-32bfc3ab3e06","tintindex":0}}}],"display":{"head":{"translation":[0.0,-6.4,0.0],"rotation":[0.0,0.0,0.0],"scale":[3.8095,3.8095,3.8095]},"gui":{"translation":[0.0,0.0,0.0],"rotation":[35.0,225.0,0.0],"scale":[0.625,0.625,0.625]}}}