{"file_name":"bone3","texture_size":[128,128],"textures":{"fa1e2b79-a87a-2b5c-a278-736943940521":"modelengine:entity/elephant"},"elements":[{"name":"cube","from":[1.7349998,-1.5799994,2.6],"to":[10.1050005,10.060001,11.21],"rotation":{"angle":0.0,"axis":"x","origin":[-37.415,-13.820001,12.02]},"faces":{"down":{"uv":[3.125,8.75,2.25,9.625],"rotation":0,"texture":"#fa1e2b79-a87a-2b5c-a278-736943940521","tintindex":0},"east":{"uv":[7.75,4.625,8.625,5.8125],"rotation":0,"texture":"#fa1e2b79-a87a-2b5c-a278-736943940521","tintindex":0},"north":{"uv":[7.75,3.375,8.625,4.5625],"rotation":0,"texture":"#fa1e2b79-a87a-2b5c-a278-736943940521","tintindex":0},"south":{"uv":[7.75,5.875,8.625,7.0625],"rotation":0,"texture":"#fa1e2b79-a87a-2b5c-a278-736943940521","tintindex":0},"up":{"uv":[3.625,5.125,2.75,4.25],"rotation":0,"texture":"#fa1e2b79-a87a-2b5c-a278-736943940521","tintindex":0},"west":{"uv":[7.875,7.125,8.75,8.3125],"rotation":0,"texture":"#fa1e2b79-a87a-2b5c-a278-736943940521","tintindex":0}}}],"display":{"head":{"translation":[0.0,-6.4,0.0],"rotation":[0.0,0.0,0.0],"scale":[3.8095,3.8095,3.8095]},"gui":{"translation":[0.0,0.0,0.0],"rotation":[35.0,225.0,0.0],"scale":[0.625,0.625,0.625]}}}