{"file_name":"bone2","texture_size":[128,128],"textures":{"fa1e2b79-a87a-2b5c-a278-736943940521":"modelengine:entity/elephant"},"elements":[{"name":"voxel","from":[26.120003,22.400002,-15.91],"to":[31.520004,23.600002,-10.51],"rotation":{"angle":0.0,"axis":"x","origin":[-26.440002,8.0,9.290001]},"faces":{"down":{"uv":[7.0,7.5,5.875,8.625],"rotation":0,"texture":"#fa1e2b79-a87a-2b5c-a278-736943940521","tintindex":0},"east":{"uv":[10.625,1.875,11.75,2.125],"rotation":0,"texture":"#fa1e2b79-a87a-2b5c-a278-736943940521","tintindex":0},"north":{"uv":[10.5,9.625,11.625,9.875],"rotation":0,"texture":"#fa1e2b79-a87a-2b5c-a278-736943940521","tintindex":0},"south":{"uv":[10.625,5.625,11.75,5.875],"rotation":0,"texture":"#fa1e2b79-a87a-2b5c-a278-736943940521","tintindex":0},"up":{"uv":[1.75,8.625,0.625,7.5],"rotation":0,"texture":"#fa1e2b79-a87a-2b5c-a278-736943940521","tintindex":0},"west":{"uv":[10.875,1.0,12.0,1.25],"rotation":0,"texture":"#fa1e2b79-a87a-2b5c-a278-736943940521","tintindex":0}}},{"name":"voxel","from":[25.400002,16.445,-16.0],"to":[32.0,23.0,-9.925001],"rotation":{"angle":0.0,"axis":"x","origin":[-26.440002,8.0,9.290001]},"faces":{"down":{"uv":[7.75,6.25,6.375,7.5],"rotation":0,"texture":"#fa1e2b79-a87a-2b5c-a278-736943940521","tintindex":0},"east":{"uv":[5.375,3.625,6.625,5.0],"rotation":0,"texture":"#fa1e2b79-a87a-2b5c-a278-736943940521","tintindex":0},"north":{"uv":[5.0,5.125,6.375,6.5],"rotation":0,"texture":"#fa1e2b79-a87a-2b5c-a278-736943940521","tintindex":0},"south":{"uv":[5.375,0.0,6.75,1.375],"rotation":0,"texture":"#fa1e2b79-a87a-2b5c-a278-736943940521","tintindex":0},"up":{"uv":[7.75,6.25,6.375,5.0],"rotation":0,"texture":"#fa1e2b79-a87a-2b5c-a278-736943940521","tintindex":0},"west":{"uv":[1.125,6.125,2.375,7.5],"rotation":0,"texture":"#fa1e2b79-a87a-2b5c-a278-736943940521","tintindex":0}}},{"name":"voxel","from":[28.070004,13.355,-10.465002],"to":[29.870003,21.8,-8.710001],"rotation":{"angle":0.0,"axis":"x","origin":[-26.440002,8.0,9.290001]},"faces":{"down":{"uv":[6.875,11.25,6.5,11.625],"rotation":0,"texture":"#fa1e2b79-a87a-2b5c-a278-736943940521","tintindex":0},"east":{"uv":[3.875,9.125,4.25,10.875],"rotation":0,"texture":"#fa1e2b79-a87a-2b5c-a278-736943940521","tintindex":0},"north":{"uv":[7.375,8.875,7.75,10.625],"rotation":0,"texture":"#fa1e2b79-a87a-2b5c-a278-736943940521","tintindex":0},"south":{"uv":[0.0,9.25,0.375,11.0],"rotation":0,"texture":"#fa1e2b79-a87a-2b5c-a278-736943940521","tintindex":0},"up":{"uv":[6.5,11.625,6.125,11.25],"rotation":0,"texture":"#fa1e2b79-a87a-2b5c-a278-736943940521","tintindex":0},"west":{"uv":[1.625,9.5,2.0,11.25],"rotation":0,"texture":"#fa1e2b79-a87a-2b5c-a278-736943940521","tintindex":0}}}],"display":{"head":{"translation":[128.576,-6.4,-4.8160033],"rotation":[0.0,0.0,0.0],"scale":[3.8095,3.8095,3.8095]},"gui":{"translation":[0.0,0.0,0.0],"rotation":[35.0,225.0,0.0],"scale":[0.625,0.625,0.625]}}}