{"file_name":"bone11","texture_size":[128,128],"textures":{"70879a44-1255-19d1-098e-7bca14ffe36b":"modelengine:entity/brownbear"},"elements":[{"name":"cube","from":[2.6,2.8999999,-6.4000006],"to":[13.400001,13.7,7.1],"rotation":{"angle":0.0,"axis":"x","origin":[8.0,6.95,13.85]},"faces":{"down":{"uv":[3.375,1.875,1.875,3.75],"rotation":0,"texture":"#70879a44-1255-19d1-098e-7bca14ffe36b","tintindex":0},"east":{"uv":[0.0,0.0,1.875,1.5],"rotation":0,"texture":"#70879a44-1255-19d1-098e-7bca14ffe36b","tintindex":0},"north":{"uv":[1.875,3.75,3.375,5.25],"rotation":0,"texture":"#70879a44-1255-19d1-098e-7bca14ffe36b","tintindex":0},"south":{"uv":[0.0,4.5,1.5,6.0],"rotation":0,"texture":"#70879a44-1255-19d1-098e-7bca14ffe36b","tintindex":0},"up":{"uv":[3.375,1.875,1.875,0.0],"rotation":0,"texture":"#70879a44-1255-19d1-098e-7bca14ffe36b","tintindex":0},"west":{"uv":[0.0,1.5,1.875,3.0],"rotation":0,"texture":"#70879a44-1255-19d1-098e-7bca14ffe36b","tintindex":0}}}],"display":{"head":{"translation":[0.0,-6.4,0.0],"rotation":[0.0,0.0,0.0],"scale":[3.8095,3.8095,3.8095]},"gui":{"translation":[0.0,0.0,0.0],"rotation":[35.0,225.0,0.0],"scale":[0.625,0.625,0.625]}}}