{"file_name":"bone6","texture_size":[128,128],"textures":{"5ce617b2-29f6-a09e-fedd-523b42d44554":"modelengine:entity/crocodile"},"elements":[{"name":"voxel","from":[4.478261,6.2,13.999996],"to":[11.07826,11.0,32.0],"rotation":{"angle":0.0,"axis":"x","origin":[17.078262,5.6,40.999996]},"faces":{"down":{"uv":[7.625,0.0,11.375,1.0],"rotation":180,"texture":"#5ce617b2-29f6-a09e-fedd-523b42d44554","tintindex":0},"east":{"uv":[7.625,0.0,11.375,1.0],"rotation":0,"texture":"#5ce617b2-29f6-a09e-fedd-523b42d44554","tintindex":0},"north":{"uv":[7.625,0.0,11.375,1.0],"rotation":0,"texture":"#5ce617b2-29f6-a09e-fedd-523b42d44554","tintindex":0},"south":{"uv":[7.625,0.0,11.375,1.0],"rotation":0,"texture":"#5ce617b2-29f6-a09e-fedd-523b42d44554","tintindex":0},"up":{"uv":[7.625,0.0,11.375,1.0],"rotation":180,"texture":"#5ce617b2-29f6-a09e-fedd-523b42d44554","tintindex":0},"west":{"uv":[7.625,0.0,11.375,1.0],"rotation":0,"texture":"#5ce617b2-29f6-a09e-fedd-523b42d44554","tintindex":0}}},{"name":"voxel","from":[9.278261,11.0,13.999996],"to":[9.878262,12.2,19.399994],"rotation":{"angle":0.0,"axis":"x","origin":[17.078262,5.6,40.999996]},"faces":{"down":{"uv":[6.375,10.375,6.25,14.125],"rotation":180,"texture":"#5ce617b2-29f6-a09e-fedd-523b42d44554","tintindex":0},"east":{"uv":[7.875,9.0,11.625,9.625],"rotation":0,"texture":"#5ce617b2-29f6-a09e-fedd-523b42d44554","tintindex":0},"north":{"uv":[5.0,6.5,5.125,7.125],"rotation":0,"texture":"#5ce617b2-29f6-a09e-fedd-523b42d44554","tintindex":0},"south":{"uv":[4.875,6.5,5.0,7.125],"rotation":0,"texture":"#5ce617b2-29f6-a09e-fedd-523b42d44554","tintindex":0},"up":{"uv":[6.25,14.125,6.125,10.375],"rotation":180,"texture":"#5ce617b2-29f6-a09e-fedd-523b42d44554","tintindex":0},"west":{"uv":[4.125,9.0,7.875,9.625],"rotation":0,"texture":"#5ce617b2-29f6-a09e-fedd-523b42d44554","tintindex":0}}},{"name":"voxel","from":[5.678261,11.0,13.999996],"to":[6.278261,12.2,19.399994],"rotation":{"angle":0.0,"axis":"x","origin":[17.078262,5.6,40.999996]},"faces":{"down":{"uv":[6.375,10.375,6.25,14.125],"rotation":180,"texture":"#5ce617b2-29f6-a09e-fedd-523b42d44554","tintindex":0},"east":{"uv":[7.875,9.0,11.625,9.625],"rotation":0,"texture":"#5ce617b2-29f6-a09e-fedd-523b42d44554","tintindex":0},"north":{"uv":[5.0,6.5,5.125,7.125],"rotation":0,"texture":"#5ce617b2-29f6-a09e-fedd-523b42d44554","tintindex":0},"south":{"uv":[4.875,6.5,5.0,7.125],"rotation":0,"texture":"#5ce617b2-29f6-a09e-fedd-523b42d44554","tintindex":0},"up":{"uv":[6.25,14.125,6.125,10.375],"rotation":180,"texture":"#5ce617b2-29f6-a09e-fedd-523b42d44554","tintindex":0},"west":{"uv":[4.125,9.0,7.875,9.625],"rotation":0,"texture":"#5ce617b2-29f6-a09e-fedd-523b42d44554","tintindex":0}}},{"name":"voxel","from":[9.278261,11.0,20.299995],"to":[9.878262,12.2,25.699997],"rotation":{"angle":0.0,"axis":"x","origin":[17.078262,5.6,40.999996]},"faces":{"down":{"uv":[6.375,10.375,6.25,14.125],"rotation":180,"texture":"#5ce617b2-29f6-a09e-fedd-523b42d44554","tintindex":0},"east":{"uv":[7.875,9.0,11.625,9.625],"rotation":0,"texture":"#5ce617b2-29f6-a09e-fedd-523b42d44554","tintindex":0},"north":{"uv":[5.0,6.5,5.125,7.125],"rotation":0,"texture":"#5ce617b2-29f6-a09e-fedd-523b42d44554","tintindex":0},"south":{"uv":[4.875,6.5,5.0,7.125],"rotation":0,"texture":"#5ce617b2-29f6-a09e-fedd-523b42d44554","tintindex":0},"up":{"uv":[6.25,14.125,6.125,10.375],"rotation":180,"texture":"#5ce617b2-29f6-a09e-fedd-523b42d44554","tintindex":0},"west":{"uv":[4.125,9.0,7.875,9.625],"rotation":0,"texture":"#5ce617b2-29f6-a09e-fedd-523b42d44554","tintindex":0}}},{"name":"voxel","from":[5.678261,11.0,20.299995],"to":[6.278261,12.2,25.699997],"rotation":{"angle":0.0,"axis":"x","origin":[17.078262,5.6,40.999996]},"faces":{"down":{"uv":[6.375,10.375,6.25,14.125],"rotation":180,"texture":"#5ce617b2-29f6-a09e-fedd-523b42d44554","tintindex":0},"east":{"uv":[7.875,9.0,11.625,9.625],"rotation":0,"texture":"#5ce617b2-29f6-a09e-fedd-523b42d44554","tintindex":0},"north":{"uv":[5.0,6.5,5.125,7.125],"rotation":0,"texture":"#5ce617b2-29f6-a09e-fedd-523b42d44554","tintindex":0},"south":{"uv":[4.875,6.5,5.0,7.125],"rotation":0,"texture":"#5ce617b2-29f6-a09e-fedd-523b42d44554","tintindex":0},"up":{"uv":[6.25,14.125,6.125,10.375],"rotation":180,"texture":"#5ce617b2-29f6-a09e-fedd-523b42d44554","tintindex":0},"west":{"uv":[4.125,9.0,7.875,9.625],"rotation":0,"texture":"#5ce617b2-29f6-a09e-fedd-523b42d44554","tintindex":0}}},{"name":"voxel","from":[5.678261,11.0,26.599998],"to":[6.278261,12.2,32.0],"rotation":{"angle":0.0,"axis":"x","origin":[17.078262,5.6,40.999996]},"faces":{"down":{"uv":[6.375,10.375,6.25,14.125],"rotation":180,"texture":"#5ce617b2-29f6-a09e-fedd-523b42d44554","tintindex":0},"east":{"uv":[7.875,9.0,11.625,9.625],"rotation":0,"texture":"#5ce617b2-29f6-a09e-fedd-523b42d44554","tintindex":0},"north":{"uv":[5.0,6.5,5.125,7.125],"rotation":0,"texture":"#5ce617b2-29f6-a09e-fedd-523b42d44554","tintindex":0},"south":{"uv":[4.875,6.5,5.0,7.125],"rotation":0,"texture":"#5ce617b2-29f6-a09e-fedd-523b42d44554","tintindex":0},"up":{"uv":[6.25,14.125,6.125,10.375],"rotation":180,"texture":"#5ce617b2-29f6-a09e-fedd-523b42d44554","tintindex":0},"west":{"uv":[4.125,9.0,7.875,9.625],"rotation":0,"texture":"#5ce617b2-29f6-a09e-fedd-523b42d44554","tintindex":0}}},{"name":"voxel","from":[9.278261,11.0,26.599998],"to":[9.878262,12.2,32.0],"rotation":{"angle":0.0,"axis":"x","origin":[17.078262,5.6,40.999996]},"faces":{"down":{"uv":[6.375,10.375,6.25,14.125],"rotation":180,"texture":"#5ce617b2-29f6-a09e-fedd-523b42d44554","tintindex":0},"east":{"uv":[7.875,9.0,11.625,9.625],"rotation":0,"texture":"#5ce617b2-29f6-a09e-fedd-523b42d44554","tintindex":0},"north":{"uv":[5.0,6.5,5.125,7.125],"rotation":0,"texture":"#5ce617b2-29f6-a09e-fedd-523b42d44554","tintindex":0},"south":{"uv":[4.875,6.5,5.0,7.125],"rotation":0,"texture":"#5ce617b2-29f6-a09e-fedd-523b42d44554","tintindex":0},"up":{"uv":[6.25,14.125,6.125,10.375],"rotation":180,"texture":"#5ce617b2-29f6-a09e-fedd-523b42d44554","tintindex":0},"west":{"uv":[4.125,9.0,7.875,9.625],"rotation":0,"texture":"#5ce617b2-29f6-a09e-fedd-523b42d44554","tintindex":0}}}],"display":{"head":{"translation":[0.0,-6.4,32.139145],"rotation":[0.0,0.0,0.0],"scale":[3.8095,3.8095,3.8095]},"gui":{"translation":[0.0,0.0,0.0],"rotation":[35.0,225.0,0.0],"scale":[0.625,0.625,0.625]}}}