{"file_name":"bone7","texture_size":[128,128],"textures":{"5ce617b2-29f6-a09e-fedd-523b42d44554":"modelengine:entity/crocodile"},"elements":[{"name":"voxel","from":[5.678261,6.5,23.000008],"to":[9.278261,9.5,32.0],"rotation":{"angle":0.0,"axis":"x","origin":[17.078262,5.8999996,32.0]},"faces":{"down":{"uv":[4.125,9.625,6.0,10.25],"rotation":180,"texture":"#5ce617b2-29f6-a09e-fedd-523b42d44554","tintindex":0},"east":{"uv":[4.125,9.625,6.0,10.25],"rotation":0,"texture":"#5ce617b2-29f6-a09e-fedd-523b42d44554","tintindex":0},"north":{"uv":[4.125,9.625,6.0,10.25],"rotation":0,"texture":"#5ce617b2-29f6-a09e-fedd-523b42d44554","tintindex":0},"south":{"uv":[4.125,9.625,6.0,10.25],"rotation":0,"texture":"#5ce617b2-29f6-a09e-fedd-523b42d44554","tintindex":0},"up":{"uv":[4.125,9.625,6.0,10.25],"rotation":180,"texture":"#5ce617b2-29f6-a09e-fedd-523b42d44554","tintindex":0},"west":{"uv":[4.125,9.625,6.0,10.25],"rotation":0,"texture":"#5ce617b2-29f6-a09e-fedd-523b42d44554","tintindex":0}}}],"display":{"head":{"translation":[0.0,-6.4,134.05911],"rotation":[0.0,0.0,0.0],"scale":[3.8095,3.8095,3.8095]},"gui":{"translation":[0.0,0.0,0.0],"rotation":[35.0,225.0,0.0],"scale":[0.625,0.625,0.625]}}}