{"file_name":"bone8","texture_size":[128,128],"textures":{"5ce617b2-29f6-a09e-fedd-523b42d44554":"modelengine:entity/crocodile"},"elements":[{"name":"voxel","from":[4.7782607,8.3,-16.0],"to":[11.378262,10.1,-1.000001],"rotation":{"angle":0.0,"axis":"x","origin":[8.07826,10.4,-8.5]},"faces":{"down":{"uv":[9.125,10.0,12.25,10.375],"rotation":180,"texture":"#5ce617b2-29f6-a09e-fedd-523b42d44554","tintindex":0},"east":{"uv":[9.125,10.0,12.25,10.375],"rotation":0,"texture":"#5ce617b2-29f6-a09e-fedd-523b42d44554","tintindex":0},"north":{"uv":[9.125,10.0,12.25,10.375],"rotation":0,"texture":"#5ce617b2-29f6-a09e-fedd-523b42d44554","tintindex":0},"south":{"uv":[9.125,10.0,12.25,10.375],"rotation":0,"texture":"#5ce617b2-29f6-a09e-fedd-523b42d44554","tintindex":0},"up":{"uv":[9.125,10.0,12.25,10.375],"rotation":180,"texture":"#5ce617b2-29f6-a09e-fedd-523b42d44554","tintindex":0},"west":{"uv":[9.125,10.0,12.25,10.375],"rotation":0,"texture":"#5ce617b2-29f6-a09e-fedd-523b42d44554","tintindex":0}}}],"display":{"head":{"translation":[0.0,-6.4,-45.140873],"rotation":[0.0,0.0,0.0],"scale":[3.8095,3.8095,3.8095]},"gui":{"translation":[0.0,0.0,0.0],"rotation":[35.0,225.0,0.0],"scale":[0.625,0.625,0.625]}}}