{"file_name":"bone7","texture_size":[128,128],"textures":{"8ef6df24-2ab5-2d33-e0c1-813bfdd560fd":"modelengine:entity/crocodilegray"},"elements":[{"name":"voxel","from":[5.678261,6.5,23.000004],"to":[9.278261,9.5,32.0],"rotation":{"angle":0.0,"axis":"x","origin":[17.078262,5.8999996,32.0]},"faces":{"down":{"uv":[4.875,6.5,4.125,8.375],"rotation":180,"texture":"#8ef6df24-2ab5-2d33-e0c1-813bfdd560fd","tintindex":0},"east":{"uv":[7.875,8.125,9.75,8.75],"rotation":0,"texture":"#8ef6df24-2ab5-2d33-e0c1-813bfdd560fd","tintindex":0},"north":{"uv":[4.125,8.375,4.875,9.0],"rotation":0,"texture":"#8ef6df24-2ab5-2d33-e0c1-813bfdd560fd","tintindex":0},"south":{"uv":[2.75,5.75,3.5,6.375],"rotation":0,"texture":"#8ef6df24-2ab5-2d33-e0c1-813bfdd560fd","tintindex":0},"up":{"uv":[3.5,5.75,2.75,3.875],"rotation":180,"texture":"#8ef6df24-2ab5-2d33-e0c1-813bfdd560fd","tintindex":0},"west":{"uv":[7.875,7.5,9.75,8.125],"rotation":0,"texture":"#8ef6df24-2ab5-2d33-e0c1-813bfdd560fd","tintindex":0}}}],"display":{"head":{"translation":[0.0,-6.4,131.81912],"rotation":[0.0,0.0,0.0],"scale":[3.8095,3.8095,3.8095]},"gui":{"translation":[0.0,0.0,0.0],"rotation":[35.0,225.0,0.0],"scale":[0.625,0.625,0.625]}}}