{"file_name":"leftleg3","texture_size":[64,64],"textures":{"cef8b287-35d3-dc80-984e-647d903b12e9":"modelengine:entity/redpanda"},"elements":[{"name":"cube","from":[7.492025,5.9885926,6.635084],"to":[9.047225,8.961292,9.016485],"rotation":{"angle":0.0,"axis":"x","origin":[7.0222244,2.3192928,3.3059845]},"faces":{"down":{"uv":[9.25,0.0,9.875,1.0],"rotation":0,"texture":"#cef8b287-35d3-dc80-984e-647d903b12e9","tintindex":0},"east":{"uv":[7.25,5.0,6.25,6.25],"rotation":0,"texture":"#cef8b287-35d3-dc80-984e-647d903b12e9","tintindex":0},"north":{"uv":[7.125,8.25,6.5,9.5],"rotation":0,"texture":"#cef8b287-35d3-dc80-984e-647d903b12e9","tintindex":0},"south":{"uv":[7.875,8.25,7.25,9.5],"rotation":0,"texture":"#cef8b287-35d3-dc80-984e-647d903b12e9","tintindex":0},"up":{"uv":[8.75,9.75,9.375,8.75],"rotation":0,"texture":"#cef8b287-35d3-dc80-984e-647d903b12e9","tintindex":0},"west":{"uv":[2.25,5.75,1.25,7.0],"rotation":0,"texture":"#cef8b287-35d3-dc80-984e-647d903b12e9","tintindex":0}}}],"display":{"head":{"translation":[0.0,-6.4,0.0],"rotation":[0.0,0.0,0.0],"scale":[3.8095,3.8095,3.8095]},"gui":{"translation":[0.0,0.0,0.0],"rotation":[35.0,225.0,0.0],"scale":[0.625,0.625,0.625]}}}