{"file_name":"leftarm","texture_size":[64,64],"textures":{"cef8b287-35d3-dc80-984e-647d903b12e9":"modelengine:entity/redpanda"},"elements":[{"name":"cube","from":[6.65135,4.8788443,7.087968],"to":[8.19035,8.361845,8.869968],"rotation":{"angle":0.0,"axis":"x","origin":[7.42085,6.6203446,7.3789687]},"faces":{"down":{"uv":[10.0,7.0,10.625,7.75],"rotation":0,"texture":"#cef8b287-35d3-dc80-984e-647d903b12e9","tintindex":0},"east":{"uv":[8.0,3.75,7.25,5.25],"rotation":0,"texture":"#cef8b287-35d3-dc80-984e-647d903b12e9","tintindex":0},"north":{"uv":[8.375,1.25,7.75,2.75],"rotation":0,"texture":"#cef8b287-35d3-dc80-984e-647d903b12e9","tintindex":0},"south":{"uv":[4.375,7.75,3.75,9.25],"rotation":0,"texture":"#cef8b287-35d3-dc80-984e-647d903b12e9","tintindex":0},"up":{"uv":[6.75,10.75,7.375,10.0],"rotation":0,"texture":"#cef8b287-35d3-dc80-984e-647d903b12e9","tintindex":0},"west":{"uv":[2.0,7.0,1.25,8.5],"rotation":0,"texture":"#cef8b287-35d3-dc80-984e-647d903b12e9","tintindex":0}}}],"display":{"head":{"translation":[0.0,-6.4,0.0],"rotation":[0.0,0.0,0.0],"scale":[3.8095,3.8095,3.8095]},"gui":{"translation":[0.0,0.0,0.0],"rotation":[35.0,225.0,0.0],"scale":[0.625,0.625,0.625]}}}