{"file_name":"rightleg2","texture_size":[64,64],"textures":{"cef8b287-35d3-dc80-984e-647d903b12e9":"modelengine:entity/redpanda"},"elements":[{"name":"cube","from":[7.252775,5.9885926,6.635084],"to":[8.807976,8.961292,9.016485],"rotation":{"angle":0.0,"axis":"x","origin":[9.277775,2.3192928,3.3059845]},"faces":{"down":{"uv":[9.875,0.0,9.25,1.0],"rotation":0,"texture":"#cef8b287-35d3-dc80-984e-647d903b12e9","tintindex":0},"east":{"uv":[1.25,5.75,2.25,7.0],"rotation":0,"texture":"#cef8b287-35d3-dc80-984e-647d903b12e9","tintindex":0},"north":{"uv":[6.5,8.25,7.125,9.5],"rotation":0,"texture":"#cef8b287-35d3-dc80-984e-647d903b12e9","tintindex":0},"south":{"uv":[7.25,8.25,7.875,9.5],"rotation":0,"texture":"#cef8b287-35d3-dc80-984e-647d903b12e9","tintindex":0},"up":{"uv":[9.375,9.75,8.75,8.75],"rotation":0,"texture":"#cef8b287-35d3-dc80-984e-647d903b12e9","tintindex":0},"west":{"uv":[6.25,5.0,7.25,6.25],"rotation":0,"texture":"#cef8b287-35d3-dc80-984e-647d903b12e9","tintindex":0}}}],"display":{"head":{"translation":[0.0,-6.4,0.0],"rotation":[0.0,0.0,0.0],"scale":[3.8095,3.8095,3.8095]},"gui":{"translation":[0.0,0.0,0.0],"rotation":[35.0,225.0,0.0],"scale":[0.625,0.625,0.625]}}}