{"file_name":"bone2","texture_size":[256,256],"textures":{"0bfa499e-7ac9-8c04-02ef-03b00efef858":"modelengine:entity/giraffe"},"elements":[{"name":"rightarm","from":[5.8625,-3.880001,5.2699995],"to":[10.137501,7.8799996,10.73],"rotation":{"angle":0.0,"axis":"x","origin":[13.482501,8.825,20.720001]},"faces":{"down":{"uv":[5.6953125,7.125,5.25,8.35],"rotation":0,"texture":"#0bfa499e-7ac9-8c04-02ef-03b00efef858","tintindex":0},"east":{"uv":[5.6953125,7.125,5.25,8.35],"rotation":0,"texture":"#0bfa499e-7ac9-8c04-02ef-03b00efef858","tintindex":0},"north":{"uv":[5.6953125,7.125,5.25,8.35],"rotation":0,"texture":"#0bfa499e-7ac9-8c04-02ef-03b00efef858","tintindex":0},"south":{"uv":[5.6953125,7.125,5.25,8.35],"rotation":0,"texture":"#0bfa499e-7ac9-8c04-02ef-03b00efef858","tintindex":0},"up":{"uv":[5.6953125,7.125,5.25,8.35],"rotation":0,"texture":"#0bfa499e-7ac9-8c04-02ef-03b00efef858","tintindex":0},"west":{"uv":[5.6953125,7.125,5.25,8.35],"rotation":0,"texture":"#0bfa499e-7ac9-8c04-02ef-03b00efef858","tintindex":0}}}],"display":{"head":{"translation":[0.0,-6.4,0.0],"rotation":[0.0,0.0,0.0],"scale":[3.8095,3.8095,3.8095]},"gui":{"translation":[0.0,0.0,0.0],"rotation":[35.0,225.0,0.0],"scale":[0.625,0.625,0.625]}}}