{"file_name":"rightleg2","texture_size":[256,256],"textures":{"0bfa499e-7ac9-8c04-02ef-03b00efef858":"modelengine:entity/giraffe"},"elements":[{"name":"rightarm","from":[5.8625,-6.2800016,5.255],"to":[10.137501,6.0799994,10.715],"rotation":{"angle":0.0,"axis":"x","origin":[2.5175,-4.9750004,20.705002]},"faces":{"down":{"uv":[5.25,7.125,5.6953125,8.4125],"rotation":0,"texture":"#0bfa499e-7ac9-8c04-02ef-03b00efef858","tintindex":0},"east":{"uv":[5.25,7.125,5.6953125,8.4125],"rotation":0,"texture":"#0bfa499e-7ac9-8c04-02ef-03b00efef858","tintindex":0},"north":{"uv":[5.25,7.125,5.6953125,8.4125],"rotation":0,"texture":"#0bfa499e-7ac9-8c04-02ef-03b00efef858","tintindex":0},"south":{"uv":[5.25,7.125,5.6953125,8.4125],"rotation":0,"texture":"#0bfa499e-7ac9-8c04-02ef-03b00efef858","tintindex":0},"up":{"uv":[5.25,7.125,5.6953125,8.4125],"rotation":0,"texture":"#0bfa499e-7ac9-8c04-02ef-03b00efef858","tintindex":0},"west":{"uv":[5.25,7.125,5.6953125,8.4125],"rotation":0,"texture":"#0bfa499e-7ac9-8c04-02ef-03b00efef858","tintindex":0}}}],"display":{"head":{"translation":[0.0,-6.4,0.0],"rotation":[0.0,0.0,0.0],"scale":[3.8095,3.8095,3.8095]},"gui":{"translation":[0.0,0.0,0.0],"rotation":[35.0,225.0,0.0],"scale":[0.625,0.625,0.625]}}}